samples,group
RL100101RS,control
RL100301RS,control
RL100401RS,control
RL100501RS,control
RL100601RS,control
RL101101RS,control
RL101201RS,control
RL101501RS,control
RL101601RS,control
RL101801RS,control
RL102201RS,control
RL102401RS,control
RL103001RS,control
RL103201RS,control
RL103301RS,control
RL103401RS,control
RL103501RS,control
RL103601RS,control
RL103701RS,control
RL103801RS,control
RL103901RS,control
RL104201RS,control
RL104401RS,control
RL104501RS,control
RL104701RS,control
RL104801RS,control
RL105001RS,control
RL105601RS,control
RL105801RS,control
RL105901RS,control
RL106001RS,control
RL106101RS,control
RL106201RS,control
RL106301RS,control
RL106401RS,control
RL106901RS,control
RL107001RS,control
RL107501RS,control
RL107601RS,control
RL108001RS,control
RL108501RS,control
RL108801RS,control
RL109801RS,control
RL109901RS,control
RL110001RS,control
RL110301RS,control
RL110701RS,control
RL110901RS,control
RL100201RS,case
RL100901RS,case
RL101001RS,case
RL101301RS,case
RL101701RS,case
RL102001RS,case
RL102301RS,case
RL102601RS,case
RL102801RS,case
RL104001RS,case
RL104101RS,case
RL104601RS,case
RL104901RS,case
RL105101RS,case
RL105201RS,case
RL105301RS,case
RL105501RS,case
RL105701RS,case
RL106501RS,case
RL107101RS,case
RL107201RS,case
RL107701RS,case
RL107801RS,case
RL107901RS,case
RL108201RS,case
RL108301RS,case
RL108401RS,case
RL108701RS,case
RL108901RS,case
RL109001RS,case
RL109301RS,case
RL109401RS,case
RL109501RS,case
RL109601RS,case
RL110101RS,case
RL110201RS,case
RL110401RS,case
RL111101RS,case