samples,group
RL100101RS,conrol
RL100301RS,conrol
RL100401RS,conrol
RL100501RS,conrol
RL100601RS,conrol
RL101101RS,conrol
RL101201RS,conrol
RL101501RS,conrol
RL101601RS,conrol
RL101801RS,conrol
RL102201RS,conrol
RL102401RS,conrol
RL103001RS,conrol
RL103201RS,conrol
RL103301RS,conrol
RL103401RS,conrol
RL103501RS,conrol
RL103601RS,conrol
RL103701RS,conrol
RL103801RS,conrol
RL103901RS,conrol
RL104201RS,conrol
RL104401RS,conrol
RL104501RS,conrol
RL104701RS,conrol
RL104801RS,conrol
RL105001RS,conrol
RL105601RS,conrol
RL105801RS,conrol
RL105901RS,conrol
RL106001RS,conrol
RL106101RS,conrol
RL106201RS,conrol
RL106301RS,conrol
RL106401RS,conrol
RL106901RS,conrol
RL107001RS,conrol
RL107501RS,conrol
RL107601RS,conrol
RL108001RS,conrol
RL108501RS,conrol
RL108801RS,conrol
RL109801RS,conrol
RL109901RS,conrol
RL110001RS,conrol
RL110301RS,conrol
RL110701RS,conrol
RL110901RS,conrol
RL100201RS,case
RL100901RS,case
RL101001RS,case
RL101301RS,case
RL101701RS,case
RL102001RS,case
RL102301RS,case
RL102601RS,case
RL102801RS,case
RL104001RS,case
RL104101RS,case
RL104601RS,case
RL104901RS,case
RL105101RS,case
RL105201RS,case
RL105301RS,case
RL105501RS,case
RL105701RS,case
RL106501RS,case
RL107101RS,case
RL107201RS,case
RL107701RS,case
RL107801RS,case
RL107901RS,case
RL108201RS,case
RL108301RS,case
RL108401RS,case
RL108701RS,case
RL108901RS,case
RL109001RS,case
RL109301RS,case
RL109401RS,case
RL109501RS,case
RL109601RS,case
RL110101RS,case
RL110201RS,case
RL110401RS,case
RL111101RS,case