sample,group
1A0133,control
1A0163,control
1A0165,control
1A0234,control
1A0240,control
1A0278,control
1A0294,control
1A0300,control
1A0369,control
1A0406,control
1A0412,control
1A0417,control
1A0421,control
1A0449,control
1A0466,control
1A0469,control
1A0550,control
1A0606,control
1A0620,control
1A0644,control
1A0659,control
1A0735,control
1A0789,control
1A0805,control
1A0217,case
1A0219,case
1A0230,case
1A0235,case
1A0320,case
1A0332,case
1A0353,case
1A0359,case
1A0366,case
1A0373,case
1A0416,case
1A0464,case
1A0509,case
1A0561,case
1A0573,case
1A0590,case
1A0639,case
1A0645,case
1A0648,case
1A0658,case
1A0660,case
1A0678,case
1A0742,case
1A0744,case
1A0809,case
1A0826,case
1A0836,case
1A0837,case
1A0864,case
1A0874,case
1A0893,case
1A0926,case
1A0969,case
1A1020,case
1A1023,case
1A1060,case
1A1126,case