sample,group
RL104901RS,case
RL104001RS,case
RL107801RS,case
RL101001RS,case
RL105001RS,control
RL105201RS,case
RL105701RS,case
RL101701RS,case
RL102001RS,case
RL103401RS,control
RL100201RS,case
RL102301RS,case
RL105501RS,case
RL104101RS,case
RL106401RS,control
RL100901RS,case
RL107901RS,case
RL107101RS,case
RL104601RS,case
RL106201RS,control
RL107201RS,case
RL105301RS,case
RL101301RS,case
RL105101RS,case
RL101101RS,control
RL104801RS,control
RL104501RS,control
RL100101RS,control
RL101601RS,control
RL105901RS,control
RL106901RS,control
RL100501RS,control
RL107601RS,control
RL102401RS,control
RL101801RS,control
RL104701RS,control
RL103501RS,control
RL103901RS,control
RL108001RS,control
RL103801RS,control
RL100301RS,control
RL105601RS,control
RL100601RS,control
RL104201RS,control