sample,group
RL105201RS,Case
RL106301RS,Control
RL101201RS,Control
RL105601RS,Control
RL109401RS,Case
RL107001RS,Control
RL104901RS,Case
RL106901RS,Control
RL107201RS,Case
RL108801RS,Control
RL101701RS,Case
RL103401RS,Control
RL103001RS,Control
RL103301RS,Control
RL109001RS,Case
RL103701RS,Control
RL108201RS,Case
RL109801RS,Control
RL107701RS,Case
RL104501RS,Control
RL102301RS,Case
RL107501RS,Control
RL104601RS,Case
RL109201RS,Control
RL100201RS,Case
RL108501RS,Control
RL110101RS,Case
RL103201RS,Control
RL107101RS,Case
RL100501RS,Control
RL109301RS,Case
RL102201RS,Control
RL108401RS,Case
RL104401RS,Control
RL109601RS,Case
RL100601RS,Control
RL108701RS,Case
RL104801RS,Control
RL110201RS,Case
RL100301RS,Control
RL101301RS,Case
RL105001RS,Control
RL108301RS,Case
RL103601RS,Control
RL102601RS,Case
RL110301RS,Control
RL111001RS,Case
RL110001RS,Control
RL101001RS,Case
RL100401RS,Control
RL105101RS,Case
RL104201RS,Control
RL106501RS,Case
RL104701RS,Control
RL107801RS,Case
RL102401RS,Control
RL109501RS,Case
RL105901RS,Control
RL102501RS,Case
RL108001RS,Control
RL104001RS,Case
RL107601RS,Control
RL105301RS,Case
RL106401RS,Control
RL103801RS,Control
RL103901RS,Control
RL110401RS,Case
RL101801RS,Control
RL107901RS,Case
RL109901RS,Control
RL102801RS,Case
RL101101RS,Control
RL104101RS,Case
RL110901RS,Control
RL102001RS,Case
RL105801RS,Control
RL100901RS,Case
RL103501RS,Control
RL105701RS,Case
RL110701RS,Control
RL105501RS,Case
RL101501RS,Control
RL111101RS,Case
RL100101RS,Control
RL108901RS,Case
RL101601RS,Control
RL106001RS,Control
RL106201RS,Control
RL106101RS,Control