Sample ID,Class
"sample	1",Case
"sample	2",Case
"sample	3",Case
"sample	4",Case
"sample	5",Case
"sample	6",Case
"sample	7",Case
"sample	8",Case
"sample	9",Case
"sample	10",Case
"sample	11",Case
"sample	12",Case
"sample	13",Case
"sample	14",Case
"sample	15",Case
"sample	16",Case
"sample	17",Case
"sample	18",Case
"sample	19",Case
"sample	20",Case
"sample	21",Case
"sample	22",Case
"sample	23",Case
"sample	24",Case
"sample	25",Case
"sample	26",Case
"sample	27",Case
"sample	28",Case
"sample	29",Case
"sample	30",Case
"sample	31",Case
"sample	32",Case
"sample	33",Case
"sample	34",Case
"sample	35",Case
"sample	36",Case
"sample	37",Case
"sample	38",Case
"sample	39",Case
"sample	40",Case
"sample	41",Control
"sample	42",Control
"sample	43",Control
"sample	44",Control
"sample	45",Control
"sample	46",Control
"sample	47",Control
"sample	48",Control
"sample	49",Control
"sample	50",Control
"sample	51",Control
"sample	52",Control
"sample	53",Control
"sample	54",Control
"sample	55",Control
"sample	56",Control
"sample	57",Control
"sample	58",Control
"sample	59",Control
"sample	60",Control
"sample	61",Control
"sample	62",Control
"sample	63",Control
"sample	64",Control
"sample	65",Control
"sample	66",Control
"sample	67",Control
"sample	68",Control
"sample	69",Control
"sample	70",Control
"sample	71",Control
"sample	72",Control
"sample	73",Control
"sample	74",Control
"sample	75",Control
"sample	76",Control
"sample	77",Control
"sample	78",Control
"sample	79",Control
"sample	80",Control
"sample	81",Control
"sample	82",Control
"sample	83",Control
"sample	84",Control
"sample	85",Control
"sample	86",Control
"sample	87",Control
"sample	88",Control
"sample	89",Control
