sample,class1,class2
NEG_109,,case
NEG_110,,control
NEG_111,,case
NEG_12,,case
NEG_13,,control
NEG_14,,case
NEG_15,case,
NEG_16,control,
NEG_17,case,
NEG_18,control,
NEG_19,case,
NEG_20,control,
NEG_21,case,
NEG_22,control,
NEG_23,case,
NEG_24,control,
NEG_25,case,
NEG_26,case,
NEG_27,case,
NEG_28,,case
NEG_29,,control
NEG_30,,case
NEG_31,case,
NEG_32,control,
NEG_33,case,
NEG_34,control,
NEG_35,case,
NEG_36,control,
NEG_37,case,
NEG_38,control,
NEG_39,case,
NEG_40,control,
NEG_41,case,
NEG_42,case,
NEG_43,case,
NEG_44,,case
NEG_45,,control
NEG_46,,case
NEG_47,case,
NEG_48,control,
NEG_49,case,
NEG_50,control,
NEG_51,case,
NEG_52,control,
NEG_53,case,
NEG_54,case,
NEG_55,control,
NEG_56,case,
NEG_57,control,
NEG_58,case,
NEG_59,case,
NEG_60,,case
NEG_61,,control
NEG_62,,case
NEG_63,case,
NEG_64,control,
NEG_65,case,
NEG_66,control,
NEG_67,case,
NEG_68,case,
NEG_69,control,
NEG_70,case,
NEG_71,control,
NEG_72,case,
NEG_73,control,
NEG_74,case,
NEG_75,case,
NEG_76,,case
NEG_77,,control
NEG_78,,case
NEG_79,case,
NEG_80,control,
NEG_81,case,
NEG_82,control,
NEG_83,case,
NEG_84,control,
NEG_85,case,
NEG_86,control,
NEG_87,case,
NEG_88,case,
NEG_89,control,
NEG_90,case,
NEG_91,case,
NEG_92,,case
NEG_93,,control
NEG_94,,case
