sample,class
POS_1601,case
POS_1801,case
POS_2001,case
POS_2201,case
POS_2401,case
POS_3201,case
POS_3401,case
POS_3601,case
POS_3801,case
POS_4001,case
POS_4801,case
POS_5001,case
POS_5201,case
POS_5501,case
POS_5701,case
POS_6401,case
POS_6601,case
POS_6901,case
POS_7101,control
POS_7301,control
POS_8001,control
POS_8201,control
POS_8401,control
POS_8601,control
POS_8901,control
POS_1501,control
POS_1901,control
POS_2301,control
POS_2501,control
POS_2701,control
POS_3101,control
POS_3501,control
POS_3901,case
POS_4101,case
POS_4301,case
POS_1701,case
POS_2101,case
POS_2601,case
POS_3301,case
POS_3701,case
POS_4201,case
POS_4701,case
POS_4901,case
POS_5101,case
POS_5301,case
POS_5401,case
POS_5601,case
POS_5801,case
POS_5901,case
POS_6301,case
POS_6501,control
POS_6701,control
POS_6801,control
POS_7001,control
POS_7201,control
POS_7401,control
POS_7501,control
POS_7901,control
POS_8101,control
POS_8301,control
POS_8501,control
POS_8701,control
POS_8801,control
POS_9001,control
POS_9101,case
POS_1301,case
POS_2901,case
POS_4501,case
POS_6101,case
POS_7701,case
POS_9301,case
POS_11001,case
POS_1201,control
POS_2801,control
POS_4401,control
POS_7601,control
POS_9201,control
POS_10901,case
POS_1401,case
POS_3001,case
POS_4601,case
POS_6201,case
POS_7801,control
POS_9401,control
POS_11101,control
