sample,class
POS_109,
POS_111,
POS_12,
POS_13,
POS_15,case
POS_16,control
POS_18,control
POS_19,case
POS_20,control
POS_22,control
POS_23,case
POS_24,control
POS_25,case
POS_26,case
POS_27,case
POS_28,
POS_29,
POS_30,
POS_32,control
POS_33,case
POS_35,case
POS_36,control
POS_37,case
POS_38,control
POS_40,control
POS_41,case
POS_42,case
POS_43,case
POS_44,
POS_45,
POS_46,
POS_48,control
POS_50,control
POS_51,case
POS_52,control
POS_53,case
POS_54,case
POS_55,control
POS_56,case
POS_57,control
POS_59,case
POS_61,
POS_62,
POS_63,case
POS_64,control
POS_66,control
POS_67,case
POS_68,case
POS_69,control
POS_70,case
POS_71,control
POS_72,case
POS_73,control
POS_74,case
POS_75,case
POS_76,
POS_77,
POS_78,
POS_79,case
POS_80,control
POS_81,case
POS_82,control
POS_83,case
POS_84,control
POS_85,case
POS_86,control
POS_88,case
POS_89,control
POS_91,case
POS_92,
POS_93,
POS_94,
