sample,class,class,
NEG_109,,,QC_HCC/C
NEG_110,,,QC_ CIRR
NEG_111,,,QC_HCC/N
NEG_12,,,QC_HCC/C
NEG_13,,,QC_ CIRR
NEG_14,,,QC_HCC/N
NEG_15,case,case,HCC-Cirrhosis
NEG_16,control,control,Cirrhosis
NEG_17,case,case,HCC-Normal
NEG_18,control,control,Cirrhosis
NEG_19,case,case,HCC-Cirrhosis
NEG_20,control,control,Cirrhosis
NEG_21,case,case,HCC-Normal
NEG_22,control,control,Cirrhosis
NEG_23,case,case,HCC-Cirrhosis
NEG_24,control,control,Cirrhosis
NEG_25,case,case,HCC-Cirrhosis
NEG_26,case,case,HCC-Normal
NEG_27,case,case,HCC-Cirrhosis
NEG_28,,,QC_HCC/C
NEG_29,,,QC_ CIRR
NEG_30,,,QC_HCC/N
NEG_31,case,case,HCC-Cirrhosis
NEG_32,control,control,Cirrhosis
NEG_33,case,case,HCC-Normal
NEG_34,control,control,Cirrhosis
NEG_35,case,case,HCC-Cirrhosis
NEG_36,control,control,Cirrhosis
NEG_37,case,case,HCC-Normal
NEG_38,control,control,Cirrhosis
NEG_39,case,case,HCC-Cirrhosis
NEG_40,control,control,Cirrhosis
NEG_41,case,case,HCC-Cirrhosis
NEG_42,case,case,HCC-Normal
NEG_43,case,case,HCC-Cirrhosis
NEG_44,,,QC_HCC/C
NEG_45,,,QC_ CIRR
NEG_46,,,QC_HCC/N
NEG_47,case,case,HCC-Normal
NEG_48,,control,Cirrhosis
NEG_49,,case,HCC-Normal
NEG_50,,control,Cirrhosis
NEG_51,,case,HCC-Normal
NEG_52,,control,Cirrhosis
NEG_53,,case,HCC-Normal
NEG_54,,case,HCC-Normal
NEG_55,,control,Cirrhosis
NEG_56,,case,HCC-Normal
NEG_57,,control,Cirrhosis
NEG_58,,case,HCC-Normal
NEG_59,,case,HCC-Normal
NEG_60,,,QC_HCC/C
NEG_61,,,QC_ CIRR
NEG_62,,,QC_HCC/N
NEG_63,,case,HCC-Normal
NEG_64,,control,Cirrhosis
NEG_65,,case,HCC-Normal
NEG_66,,control,Cirrhosis
NEG_67,,case,HCC-Normal
NEG_68,,case,HCC-Normal
NEG_69,,control,Cirrhosis
NEG_70,,case,HCC-Normal
NEG_71,,control,Cirrhosis
NEG_72,,case,HCC-Normal
NEG_73,,control,Cirrhosis
NEG_74,,case,HCC-Normal
NEG_75,,case,HCC-Normal
NEG_76,,,QC_HCC/C
NEG_77,,,QC_ CIRR
NEG_78,,,QC_HCC/N
NEG_79,,case,HCC-Normal
NEG_80,,control,Cirrhosis
NEG_81,,case,HCC-Normal
NEG_82,,control,Cirrhosis
NEG_83,,case,HCC-Normal
NEG_84,,control,Cirrhosis
NEG_85,,case,HCC-Normal
NEG_86,,control,Cirrhosis
NEG_87,,case,HCC-Normal
NEG_88,,case,HCC-Normal
NEG_89,,control,Cirrhosis
NEG_90,,case,HCC-Normal
NEG_91,,case,HCC-Normal
NEG_92,,,QC_HCC/C
NEG_93,,,QC_ CIRR
NEG_94,,,QC_HCC/N
