[
  {
    "operators": {
      "0": {
        "properties": {
          "title": "Mass-Based Search",
          "inputs": {},
          "outputs": {
            "output_0": {
              "label": "Output "
            }
          }
        },
        "left": 0,
        "top": 220
      },
      "1": {
        "properties": {
          "title": "IF-THEN Rule",
          "inputs": {
            "input_0": {
              "label": "Input"
            }
          },
          "outputs": {
            "output_0": {
              "label": "Output "
            }
          }
        },
        "left": 260,
        "top": 20
      },
      "2": {
        "properties": {
          "title": "Differential Analysis",
          "inputs": {
            "input_0": {
              "label": "Input"
            }
          },
          "outputs": {
            "output_0": {
              "label": "Output "
            }
          }
        },
        "left": 580,
        "top": 20
      },
      "3": {
        "properties": {
          "title": "Isotopic Pattern Analysis",
          "inputs": {
            "input_0": {
              "label": "Input"
            }
          },
          "outputs": {
            "output_0": {
              "label": "Output "
            }
          }
        },
        "left": 260,
        "top": 400
      },
      "4": {
        "properties": {
          "title": "Network-Based Analysis",
          "inputs": {
            "input_0": {
              "label": "Input"
            }
          },
          "outputs": {
            "output_0": {
              "label": "Output "
            }
          }
        },
        "left": 540,
        "top": 400
      },
      "5": {
        "properties": {
          "title": "IF-THEN Rule",
          "inputs": {
            "input_0": {
              "label": "Input"
            }
          },
          "outputs": {
            "output_0": {
              "label": "Output "
            }
          }
        },
        "left": 800,
        "top": 400
      }
    },
    "links": {
      "0": {
        "fromOperator": 0,
        "fromConnector": "output_0",
        "toOperator": 1,
        "toConnector": "input_0"
      },
      "1": {
        "fromOperator": 1,
        "fromConnector": "output_0",
        "toOperator": 2,
        "toConnector": "input_0"
      },
      "2": {
        "fromOperator": 0,
        "fromConnector": "output_0",
        "toOperator": 3,
        "toConnector": "input_0"
      },
      "3": {
        "fromOperator": 3,
        "fromConnector": "output_0",
        "toOperator": 4,
        "toConnector": "input_0"
      },
      "4": {
        "fromOperator": 4,
        "fromConnector": "output_0",
        "toOperator": 5,
        "toConnector": "input_0"
      }
    },
    "operatorTypes": {}
  },
  {
    "0": {
      "tolerance": 10,
      "mode": 1,
      "adductsList": [
        "M+H"
      ]
    },
    "1": [
      "0",
      "1",
      "2"
    ],
    "2": {},
    "3": {},
    "4": {},
    "5": [
      "0",
      "1",
      "2"
    ]
  },
  {
    "0": [
      "Mass-Based Search",
      -1,
      0,
      []
    ],
    "1": [
      "IF-THEN Rule",
      -1,
      0,
      [
        "0",
        "1",
        "2"
      ]
    ],
    "2": [
      "Differential Analysis",
      -1,
      0,
      [
        "0",
        "1",
        "2"
      ]
    ],
    "3": [
      "Isotopic Pattern Analysis",
      -1,
      0,
      []
    ],
    "4": [
      "Network-Based Analysis",
      -1,
      0,
      []
    ],
    "5": [
      "IF-THEN Rule",
      -1,
      0,
      [
        "0",
        "1",
        "2"
      ]
    ]
  }
]